KW ID,new_bid
371462857,3.759074874
540282177,4.774459863
518188218,3.496873844
698853859,5.661786283
534068489,4.109052485
624346436,6.022602688
590357364,7.757237417
561522912,6.022602688
516860658,6.848998748
486105700,6.022602688
448962360,11.42852869
472735902,10.31136675
395816939,9.697054901
358015960,5.963156308
340390329,5.494217492
452772197,4.719354578
323755079,10.07366339
471394741,7.510495213
544768380,5.221312153
609990731,5.814339738
535446182,4.414234285
647828098,4.414234285
139891896,6.022602688
158812592,6.022602688
627788690,6.848998748
898448127,11.74340092
341579136,4.244066697
386899557,7.603356752
494708940,7.251692333
427359232,4.54543832
499864847,4.54543832
276896596,5.712547404
157538763,6.022602688
552662843,6.022602688
191843995,11.5300705
532409887,5.351163898
712621870,8.287333153
282744758,4.166213023
139563662,4.107099185
175949674,4.719354578
607692757,6.022602688
725959254,2.879368077
484440977,3.759074874
258078001,10.29250107
830667529,3.496873844
814500188,9.722179932
155055720,6.562474944
834424426,6.022602688
482224358,4.669360389
530999646,6.022602688
635234156,6.022602688
715543838,7.601275523
392152152,7.388983657
478344121,6.022602688
613695502,6.02316923
798338152,7.120567459
361906971,3.124384766
496713409,6.022602688
166671758,3.590213975
623806740,6.022602688
488606427,6.022602688
274161105,4.974749899
619188043,6.022602688
150336449,6.022602688
438489756,7.23449188
707207474,10.18344142
291598333,3.941856751
512412064,3.941856751
723488561,9.300443282
873542194,6.022602688
212899410,5.99089742
589496081,6.022602688
130254722,6.022602688
330925092,3.961475709
438756107,6.204375336
150956307,11.54962839
227199773,5.029848389
618271606,6.022602688
511510126,5.123310105
732254614,6.95132291
573143314,10.19469352
685539683,8.207524441
674618624,10.00615527
764240437,5.522482367
224961063,5.494217492
527959196,3.697906084
454561515,5.661786283
411373036,3.993948729
379056213,6.022602688
187873847,6.022602688
211278662,6.022602688
465369564,3.955611944
104777447,6.022602688
336398094,4.292674139
229852632,8.340640843
215316710,10.05522175
338379336,6.022602688
452060928,6.022602688
311126636,6.022602688
155657300,6.022602688
277419587,7.502151741
161578444,6.022602688
356063443,6.152762974
626721899,3.797701087
570266655,4.54543832
458653978,4.54543832
375767985,11.47623676
165263458,3.728396812
179347600,3.799360348
771363373,4.974749899
756517473,10.46391461
381982570,6.022602688
890982826,3.705825287
140495032,7.127429912
372569534,4.083969335
580695755,6.022602688
243125624,6.022602688
288387429,3.578662036
475823127,6.022602688
578871374,5.962984535
817979115,3.941856751
772779824,8.883696929
362982372,5.848745001
176818544,5.848745001
458844760,9.418692062
156122058,11.46828773
288229530,6.022602688
307454641,6.022602688
733264287,5.488408739
351565809,3.961475709
811670976,4.846934863
550124274,5.029848389
488250221,6.022602688
410118575,3.23454488
733277810,6.022602688
530895204,6.683681623
235773953,6.022602688
376544533,3.265535479
896438626,5.9448254
585873763,5.661786283
345874251,11.61325471
249677406,8.852000799
804904046,6.022602688
165894812,6.022602688
103946435,5.160678666
193723089,4.292674139
386274175,3.504087535
549764221,6.316961696
384944164,5.186521692
455583045,3.331655088
494347816,6.022602688
411612989,6.022602688
537326908,6.022602688
252790913,4.669360389
894170656,6.022602688
602445412,9.908233349
827000525,6.357492324
587867712,7.667809401
496665345,5.558457485
361591776,3.811334282
129434603,6.022602688
724838457,6.514484538
509398313,5.459903852
112753057,6.022602688
751752187,3.71557981
505348646,8.390574009
270756549,11.80498695
232753840,7.926589283
313444651,3.873825181
393860298,2.770753812
766326524,3.710711919
830844151,5.813871136
621999356,4.022194168
499060430,6.022602688
873637214,7.980983005
612445712,2.9835209
681858310,2.9835209
877020933,11.74877321
242139705,3.521435985
319972082,9.491439349
257119901,9.051063968
264374602,6.022602688
203886646,6.022602688
165042800,7.972102552
440010066,3.587461929
692882076,6.022602688
679724042,6.022602688
201555799,5.786099356
217849955,6.022602688
416423367,6.022602688
646765856,5.962984535
212430265,6.022602688
617559021,10.98750927
272895776,6.022602688
112318695,3.941856751
490715266,5.99089742
521850484,6.354843509
726941243,6.022602688
237064686,9.366606237
616305175,5.123310105
820301263,6.022602688
839738429,6.022602688
376176319,6.022602688
705383818,3.23454488
103135412,6.022602688
650547719,6.022602688
595919219,4.199917066
100642891,5.288762365
158457879,9.558679286
736173459,4.719354578
663118922,3.697906084
596400377,3.697906084
578084300,4.80587737
374319091,9.237172897
545595933,6.022602688
514575379,6.022602688
892649812,7.687321368
595640320,6.022602688
272524909,7.386419057
305581971,6.022602688
144462143,7.328181249
547025539,6.022602688
591795099,3.759074874
177330913,9.893389909
615078594,4.774459863
421197979,6.978340932
765661791,9.264031237
380878372,3.030812501
769573836,11.20197541
787941422,11.32685853
455647534,4.292674139
191065931,4.193863652
777227734,4.193863652
766365523,10.29560106
895083941,6.022602688
238348071,3.481772579
178197678,11.69784963
635936181,6.022602688
521898350,5.301940243
889916212,5.301940243
446913922,6.022602688
313102589,4.32634563
820190569,4.32634563
748063648,6.600376245
484600218,6.600376245
107208516,3.419321069
888774073,3.275440237
502983065,3.395219197
820632137,6.022602688
305948288,5.186521692
170375057,3.331655088
866893695,3.331655088
232724574,4.394560272
526801593,6.022602688
486828829,8.510791339
349989156,4.021587739
518860669,10.09827271
775604586,6.022602688
245170474,4.414234285
259412227,5.409584629
153049753,10.99855283
696660618,7.921077528
695723692,6.022602688
596001699,3.590213975
349397048,6.022602688
355935173,6.022602688
419153204,5.622562312
172854328,5.622562312
737771557,5.622562312
851795622,6.022602688
882191195,6.022602688
338517318,6.022602688
659382298,10.41211491
237331983,5.521775623
855661810,6.948251549
174778302,10.88855609
676166800,4.581595904
509735468,9.286240544
735587729,7.181750961
598723491,6.022602688
704261445,5.206663052
237736700,11.22525546
732932957,4.298040574
858704447,6.022602688
112907358,3.333187582
289544649,5.836442106
120557574,5.513341249
561780612,11.81273775
214766871,6.022602688
256806888,2.850547693
132532237,11.37503626
502367225,10.76345362
161818366,6.022602688
115070265,6.022602688
322816524,6.022602688
767578239,5.451823362
227475988,5.451823362
295726905,2.9835209
209456163,4.508770203
248177344,4.083969335
436457820,11.12825396
816970246,4.083969335
446432875,9.568178746
600865158,6.022602688
506033308,6.022602688
660985193,7.05817507
732354705,9.097732853
398266564,6.022602688
867372000,6.022602688
104213032,4.220670559
129812282,5.360502454
418428505,11.860915
350708506,7.854520109
569364845,8.553016023
836541508,11.91579156
761533537,6.476119483
452885214,7.476748848
449623548,6.022602688
567071691,4.153820695
433192273,7.23449188
719694566,6.354843509
884421534,6.022602688
522155623,10.19469767
349617790,3.477841175
518049975,6.022602688
839161129,9.173989636
821847168,5.029848389
462180435,5.029848389
217292010,2.842097997
376112493,6.022602688
517271333,3.016570141
666348333,5.4449954
175412739,5.4449954
141768551,4.81923187
629020265,4.166213023
117412816,9.711471235
336705734,4.166213023
814228887,9.596494658
800478392,6.022602688
616783461,3.642138899
235541562,10.75547813
722967229,2.563414032
530722177,6.022602688
220596368,4.161198197
379486887,5.526751195
696359315,8.994437516
628494937,2.898357453
691819452,11.96303982
515933703,2.235602787
345911262,3.265535479
680352514,6.022602688
380138850,4.846762188
835628111,6.022602688
551001107,6.022602688
178447214,5.390213543
899839643,6.022602688
162947406,9.28620147
451463066,3.853491522
743681085,4.719354578
506343309,6.022602688
338689886,6.022602688
633527938,6.022602688
826980470,3.697906084
655480379,6.022602688
648181124,2.642438711
285469501,6.022602688
368712254,3.496873844
315937218,7.283001343
687150361,6.848998748
249349920,10.26357422
663858968,6.022602688
722999683,7.81370023
215647896,6.022602688
824378527,4.107263619
404611296,4.923582388
265580788,6.211627164
550553741,10.04058198
710992672,5.844217672
455199885,3.812758039
169710061,6.370754988
812920676,5.681169663
592510549,6.022602688
469897600,6.022602688
168572722,2.98870759
593338146,5.50081582
538081270,6.972797124
776716997,6.022602688
248254096,6.022602688
628484960,4.193863652
530609826,4.193863652
871367971,6.279701077
703433094,8.569560747
778451141,6.022602688
286116695,6.022602688
563117953,6.022602688
644669082,4.98805874
790204461,11.59812296
200965858,5.642606671
766857289,2.853269226
506219197,3.155001922
493841000,5.713000783
671634766,4.06239722
267670494,5.222239203
361008510,5.222239203
640884251,6.022602688
134832047,3.481772579
860872781,6.022602688
236208671,6.022602688
841559186,6.022602688
155013406,9.609974817
647504809,4.742047389
121282497,6.022602688
819643392,6.022602688
155060005,6.247522566
602887118,5.429108584
149544391,10.54222103
678673065,5.189994962
806316204,6.022602688
538159350,3.777133953
867717301,3.777133953
838519178,6.022602688
441471168,6.022602688
890218221,9.619840092
532283578,8.703150253
293153421,7.76440625
463488082,11.174203
867194410,7.454391963
253074750,7.454391963
287453576,9.788086843
540308519,6.546318453
221536039,3.223705942
245353260,11.975737
402153294,2.578260233
604584669,8.134619066
807311612,7.362667415
597640719,5.10357931
183313023,4.439929078
671034161,6.022602688
394327629,6.022602688
497130966,3.637919382
840769333,4.021587739
781435359,4.021587739
830237935,8.568786222
796179364,9.78348078
681233696,6.377582525
835227616,4.107841151
399477572,6.022602688
515613849,5.47098687
769314532,6.022602688
187197158,6.022602688
185035434,4.414234285
171309353,6.022602688
729612540,6.022602688
876005041,8.579112532
705625113,6.749992044
218319470,4.427797871
486619689,6.022602688
742867409,9.423026681
206597314,6.022602688
158154804,8.779589307
763392432,6.022602688
147075758,6.022602688
812753379,6.022602688
512484521,4.407725133
477743769,3.590213975
374913964,3.590213975
845126355,10.68880446
378222015,11.12015697
398524649,9.847606922
892111063,8.959090337
511393443,11.86353109
730081983,6.022602688
213775631,9.581871465
315189240,5.251977148
302342341,9.160824875
131347179,5.737205924
718424333,6.022602688
263497829,3.602595201
475186393,4.315046716
463448547,6.022602688
129402944,4.798533349
719516608,3.971661613
670757858,7.464892406
545338811,3.971661613
751148581,2.770753812
587483585,2.770753812
720766481,10.71082737
224917688,3.03578251
537573497,8.611310831
516501358,11.54119899
759993600,9.8723423
805147136,3.99360169
156394353,11.99485249
205703138,6.022602688
373270891,6.022602688
538729214,3.799360348
233123308,3.799360348
660345007,6.022602688
289342381,6.022602688
865980559,6.022602688
325341970,3.22647116
273240149,9.42616529
373071713,8.483299089
868823105,4.974749899
874496141,6.022602688
622588342,6.022602688
154601528,6.022602688
506273641,7.471128421
203434568,3.952482455
751089512,3.952482455
637429940,5.657089784
356285676,10.88637019
154126674,4.192989841
594088738,4.192989841
491512832,4.581595904
503428554,9.434729935
218220794,4.40755536
753333692,11.74002107
524016325,6.022602688
805822851,6.022602688
517825161,6.022602688
722518923,6.022602688
141974735,6.022602688
715887042,2.616165435
536272600,6.022602688
518481707,6.022602688
520162074,9.669349455
765980581,4.86170067
131173680,4.86170067
859491959,6.004517888
253885295,8.715849813
271513077,6.022602688
294057607,11.65957877
537576855,11.1044147
592083468,7.862744666
204465677,3.151117476
638231676,7.245739065
648268977,5.549978504
706285211,11.77531501
458304831,6.022602688
685300664,6.022602688
839477876,6.022602688
548697531,6.022602688
309556123,2.850547693
255695857,2.79676087
533769564,2.79676087
415071298,2.79676087
457371550,5.481074979
652731498,6.022602688
182956921,5.810053019
762341654,5.810053019
758711550,4.874575669
854306061,4.585719613
750439245,8.002906615
364647869,6.022602688
619594778,10.05130574
777437563,6.022602688
651211398,6.022602688
655501913,8.148150732
103183756,6.022602688
339601825,6.022602688
854887324,6.022602688
159740038,5.451823362
313547523,5.037940731
487709446,8.442598099
391882939,6.022602688
307359321,6.022602688
767133433,9.427299455
292302700,10.5490643
184500560,8.63127155
132103544,5.731800741
117312202,5.731800741
103940145,6.022602688
814863898,8.835064912
868171703,4.517326339
276368745,4.517326339
752858703,7.077879731
542473896,5.97982914
487985773,6.022602688
887585614,3.21111507
790056747,7.63967294
835219552,8.903696321
324893928,11.7313361
462023369,6.022602688
306094672,3.421874374
334100801,4.366334383
236378659,7.23449188
606125985,6.65229349
846243758,6.4626688
175217681,5.99089742
575941122,6.354843509
677649094,3.961475709
408677961,11.51237601
216097943,6.022602688
866604402,11.88634748
788010696,5.4449954
799538611,6.022602688
328872978,7.682267456
449732079,3.873237476
497174914,9.869238328
266426588,8.047087321
555634791,6.022602688
273729675,6.018595283
654117386,6.022602688
655660268,2.987911366
767678098,5.545475369
831177490,6.022602688
350824488,4.161198197
292022103,6.022602688
444803839,6.022602688
837225498,3.660492864
897799582,11.66010981
652038973,6.022602688
470257755,6.022602688
763280980,5.864622744
423062140,10.34656029
116020014,7.491869936
603358744,6.022602688
376913687,6.022602688
504784049,4.350476648
746337098,6.022602688
298609783,6.537362936
512880900,5.787028486
193257829,5.526751195
439848419,3.735789944
694796437,5.052740501
503985964,6.972931032
476530573,2.235602787
889061751,3.273120601
429611845,5.006980283
310629575,6.022602688
696790429,3.853491522
798151543,6.022602688
709807636,5.438883728
523837838,2.642438711
765282479,5.863537693
886972789,11.25319607
406672954,6.022602688
189248330,5.516128572
308645927,3.506675911
619194469,10.08274337
594263343,3.018545275
270966246,9.861776066
437107895,4.226708609
127828301,6.022602688
598891586,5.370787314
791477025,5.660989412
269104658,4.204375565
882788841,3.759074874
657796984,4.109052485
682385687,10.13961386
615641999,4.754425777
733677190,3.354021161
493639892,3.993948729
177535625,6.022602688
816482660,6.022602688
404149956,11.71183449
197476274,8.368511116
447938637,7.369957001
678602040,11.76570091
511079409,4.292674139
579328381,10.7220479
283529855,11.38268431
851612359,3.282330124
708869181,8.753406379
157021801,10.63396901
247534689,6.86729613
253382215,11.03905612
270740713,3.085636542
551365646,5.007898903
883342362,6.022602688
306050560,6.022602688
436058991,6.022602688
613351516,3.765878435
250667855,3.765878435
807432720,6.022602688
573519383,3.765878435
760613111,3.765878435
447334481,9.891490168
261929083,6.022602688
826439568,6.022602688
736430448,6.022602688
605987812,6.022602688
557484861,6.494755711
376151611,11.41110752
574554113,11.33987445
305738478,3.812758039
648864984,3.812758039
771426939,7.746379652
607124071,7.094726816
589444486,6.022602688
665072454,11.47496387
280944222,6.022602688
800593088,7.518351043
768280162,10.8835613
179757131,4.805644846
440705095,6.022602688
305422642,5.906846568
841761321,9.144361432
681879211,6.344201347
234589248,4.123259662
627603612,11.0629449
775704481,6.022602688
222696348,6.022602688
537869975,5.723228668
340778206,2.853269226
328202575,3.155001922
773514770,11.81312899
133314416,3.090556948
236022748,8.438203178
774531302,5.713000783
422946111,6.022602688
674909863,6.022602688
711578153,9.138530008
283263503,2.987263493
643293565,2.987263493
573483620,6.038723893
680117293,4.06239722
400335112,4.06239722
720006808,6.022602688
355158408,6.022602688
545921634,8.13987341
785639544,8.70284236
623824397,6.022602688
620131186,7.985562657
555500320,6.022602688
682250152,6.022602688
271938395,4.739505012
218657643,5.314102432
633652058,10.1053192
677365211,6.022602688
675446757,4.078680945
228455049,3.202714721
252045776,7.905226987
292529573,11.99538394
841798180,4.161475569
208151885,6.022602688
280859103,3.266530579
481535358,3.481772579
707042649,7.091346676
710701118,4.696996499
181707068,7.513690486
694202589,8.703486195
680259429,6.022602688
286701981,6.022602688
758248072,6.022602688
270323885,6.022602688
360126467,4.349841504
767502690,6.022602688
119709464,3.286223168
745719449,6.528560555
290490641,8.508359352
273453294,8.41201571
329566577,11.81235834
519327886,7.432835729
534618545,9.641445338
381318179,10.87281054
636737735,7.048577391
384985107,3.888609083
800767805,6.022602688
810240081,3.419321069
367782040,10.92140209
420250805,5.186521692
152617255,7.182768999
415031157,5.189994962
451794484,3.777133953
460867836,11.40321047
300919874,9.167102001
596541752,6.022602688
259091445,6.022602688
606482290,6.022602688
740514848,3.67819743
715025531,6.022602688
760924933,6.022602688
266785975,6.022602688
765327222,3.147235988
471097255,5.953666163
714521635,6.022602688
248224314,5.953666163
493431404,4.666776376
506579414,4.666776376
804303718,2.578260233
584262333,2.578260233
804400961,6.022602688
412261868,9.514408902
780366857,5.010814644
309182721,11.15572974
495552658,5.073903436
811276920,6.319716236
878099416,4.669485027
669158636,8.098252997
547140368,6.022602688
795651884,8.952284516
409216592,6.022602688
882557263,6.022602688
302727804,4.021587739
576191370,6.022602688
888952520,10.46603865
512651163,6.022602688
576704060,6.022602688
332739176,6.022602688
806483221,3.670044759
358509033,6.022602688
314569661,6.022602688
424702523,6.022602688
698075998,5.181274645
145888179,9.36478427
775619442,2.45998862
389870637,2.45998862
534962996,5.409584629
146815697,10.76632936
453729420,6.749992044
512365280,3.440849606
347201954,4.64774575
446224023,6.022602688
756941960,9.28766168
589813891,6.022602688
860087047,4.447976471
126905811,4.113778439
801142132,3.980755831
731797813,10.58264602
726477853,9.896360362
766419268,3.797701087
582410765,4.425786087
689749629,5.459903852
377857686,6.022602688
500516457,3.158079342
836799096,6.252658995
858624877,5.270524839
461455457,2.919993774
784374392,4.186158804
849878621,11.9854573
410341673,6.414693123
316252393,7.873211927
860660184,5.725246646
571716504,8.244320455
616706364,11.1838462
709849378,10.69650896
488918108,5.1209857
578587200,3.320754283
525290767,6.022602688
785322442,6.022602688
861761206,6.022602688
640698183,6.022602688
373530805,6.239008875
463584009,6.022602688
344032153,9.0984076
461790712,6.841513875
891456769,9.785808039
833033739,6.022602688
142072686,9.244268562
669972177,6.022602688
787810104,2.176144108
682106525,6.022602688
142515573,4.936252152
297296648,7.910982351
703410781,3.262561052
281012301,4.073307902
246736188,4.073307902
493036318,4.073307902
101023789,10.29198152
483263192,4.833229004
134277021,11.49307444
297288775,6.022602688
621137183,6.022602688
621001314,4.935797526
811703958,6.022602688
106267477,10.66966269
828611531,7.116416569
233537840,9.86224387
534908310,6.747761828
556241954,6.848477973
523091194,11.27665313
868769634,6.76926207
687057073,6.76926207
707921922,3.241484763
132272768,6.022602688
250644167,6.022602688
668188831,7.176580018
273635187,5.564438188
833835137,4.986239682
727859418,6.022602688
326421470,2.971884913
161970424,8.916414345
892689035,5.521775623
427700349,3.710711919
315651593,5.33981047
382169631,9.870638366
605675956,2.394792556
838866686,8.577827504
426085239,9.23277811
347616855,4.381975177
426888228,8.840233669
431120910,10.55843791
815049587,4.87738411
155300281,11.94850492
609567376,4.87738411
115597095,4.810643041
447797751,11.17443884
578895442,4.451688661
818979976,3.799360348
517332822,6.022602688
484441700,7.40979646
113780129,7.40979646
865511283,11.55041349
102504488,7.918433318
665901497,4.249689919
867072321,4.249689919
607359967,9.931109228
852642328,11.05201005
849240922,2.711419325
629579734,6.325280985
704681512,5.657089784
381123232,9.448780622
676595346,4.40755536
541411900,4.40755536
438345927,4.40755536
294069365,6.920350309
105929249,6.022602688
331493290,8.753627091
371174643,9.858192315
605849310,6.022602688
550295775,3.705825287
552576657,10.62942027
792576362,7.583904602
157442227,6.022602688
472853070,6.022602688
135424750,7.752994582
590525190,5.120832868
207080472,6.022602688
626763321,5.493475341
392870964,11.43504094
667666165,5.285729675
714609414,6.022602688
185578900,5.45195992
226860782,5.45195992
281399877,6.022602688
335564200,6.022602688
238445116,6.022602688
596811178,6.022602688
190067799,7.779008405
342643774,6.022602688
383610076,6.022602688
110469497,11.34669034
287961083,10.05511032
592392237,2.490366975
872411456,2.490366975
124896776,2.490366975
455506435,5.10566509
528737360,7.979630415
396841568,5.056223327
572491827,2.781127906
305591585,6.022602688
836794082,6.022602688
174222192,4.851441669
621301487,3.333187582
851981526,8.316699129
249451145,3.667376521
718951365,5.836442106
676035515,6.022602688
880447832,5.549978504
284525908,8.219759713
773910654,6.022602688
766091109,6.022602688
512427569,6.022602688
561300885,8.049301907
200217942,8.920550044
306399211,6.022602688
735453414,6.022602688
671235612,8.579115612
109639016,2.850547693
688287075,2.850547693
470547685,2.79676087
788348194,6.022602688
367520416,8.323169872
325792491,6.022602688
461772758,6.022602688
473878180,5.810053019
759503183,5.810053019
137845492,5.913903864
180128883,4.13961225
755539648,4.585719613
462013306,4.585719613
215308961,3.581031499
372000432,3.774376228
892956052,7.022639372
196544507,6.022602688
122372710,6.022602688
577569181,6.107348277
364392443,5.685325992
192205820,6.022602688
139449507,6.022602688
415321094,2.9835209
603130851,4.083969335
671420483,4.235540129
413579566,4.235540129
425697136,4.235540129
828846589,7.486846727
150642414,6.022602688
675021075,6.022602688
257802900,6.022602688
894563688,6.022602688
535828792,5.975829107
634949862,6.022602688
417409959,5.731800741
710509814,5.731800741
350789653,3.697602457
167214717,9.592454528
767584039,4.517326339
876299630,5.97982914
211269273,5.97982914
211847506,5.97982914
581184337,3.521435985
437159671,6.022602688
345281792,9.275772327
266119143,6.022602688
875848275,9.863426122
585091704,6.022602688
815381843,6.022602688
311166060,5.542674913
227053257,6.022602688
527986625,6.022602688
377875317,3.587461929
172398913,3.587461929
266849170,5.296293052
515496695,6.022602688
243658141,5.214769084
129961813,6.022602688
456638672,4.116975619
333104066,2.652736132
737559442,2.652736132
372392889,2.652736132
692085493,10.90330781
602261602,7.755298043
617520528,8.626659284
666076980,6.022602688
740661132,6.022602688
437045657,6.022602688
678848815,3.310334122
416269332,3.310334122
788465226,2.924432902
819710286,6.022602688
887904962,10.43479009
631809724,8.629713584
148804562,3.421874374
379508879,3.421874374
493100274,3.421874374
844274364,4.366334383
880013135,8.314978701
187873787,4.366334383
756510839,9.052213023
183470357,5.962984535
524982089,9.784885899
163292871,5.99089742
507509027,6.022602688
351366787,6.022602688
163522201,6.022602688
426428702,3.961475709
453062082,5.4449954
510563067,3.164631245
413589213,4.81923187
570888654,4.829385319
656475386,4.829385319
659109905,6.022602688
604485158,6.022602688
674690613,4.829385319
145476167,3.055948363
282741086,10.13023804
316588327,6.874706246
196841965,3.055948363
402513706,3.055948363
775640766,9.358969039
796880495,6.022602688
739721119,6.022602688
725623198,6.022602688
370683693,2.736295677
878248024,3.384272458
774021551,4.012222118
121486536,6.022602688
753919310,4.161198197
715150130,6.022602688
632456553,6.022602688
490989284,11.75955804
858302261,9.24843401
151834083,5.99626859
194277596,11.57796
130889939,6.022602688
408055270,6.022602688
141401830,4.350476648
191017974,4.350476648
261935539,4.350476648
321354483,9.533692727
124088639,6.022602688
700935190,2.463703437
263500745,5.526751195
309428376,11.40267405
241144369,2.778555459
273483981,4.327064273
843599340,3.885841334
469375032,2.235602787
680151110,2.235602787
707938857,4.02558698
431710769,3.265535479
570198016,8.840680035
354677643,3.273120601
370116477,5.051652679
428797115,9.122572458
637412471,5.051652679
292008573,6.948635164
481453084,6.022602688
478486440,8.150711999
591648135,6.022602688
467025703,6.022602688
376894741,3.853491522
269894627,3.853491522
715921672,6.022602688
830048484,2.642438711
318313393,6.022602688
185928842,2.642438711
873936295,10.27725876
540690612,11.64837401
338877941,8.446947038
833466502,9.682066529
550668482,6.022602688
773078225,5.79420582
815137152,8.300276251
826436654,6.022602688
504120050,5.516128572
491573395,5.516128572
377373906,5.516128572
577126016,7.007442201
470210532,3.506675911
297604604,3.506675911
658381203,11.11199667
108241845,3.018545275
375549581,3.018545275
638179152,11.49088557
656391887,4.226708609
615502113,4.226708609
656466548,5.370787314
199316999,5.370787314
712416012,5.370787314
163264144,5.975980143
606610028,3.993948729
108645910,7.609166423
344082780,6.022602688
394914151,5.086376033
520516402,5.086376033
625919326,6.022602688
411070214,6.022602688
114090238,8.368511116
828227902,6.022602688
242349357,6.022602688
246845042,8.683819782
725075393,4.030277067
325711022,6.592608855
316033472,6.022602688
558962966,9.558169124
815223802,5.641117056
549227069,5.622365469
820505943,10.17273714
703644424,6.022602688
843039425,6.022602688
340407741,9.24179825
509252382,3.265719387
708003752,6.022602688
619498823,6.022602688
312426666,3.265719387
280056265,3.265719387
653899574,9.261533986
258743125,6.022602688
827818487,6.022602688
305439664,6.022602688
451345475,3.547726842
843363434,3.547726842
296796686,10.31248789
337692277,2.549222905
835233131,2.549222905
100891796,11.32348155
610742561,2.549222905
374184878,9.83402788
856107730,5.770885794
848662304,6.022602688
409975726,2.708346471
243768116,4.953874713
307490409,10.85936761
328235031,4.51464018
885861810,9.577529376
862025138,2.790138318
883849846,6.022602688
471132648,11.97012033
278151170,4.26937464
389314664,4.26937464
296847840,11.21900025
834813357,4.26937464
491374040,4.798011868
107158160,5.881144477
168000465,4.741799854
625750195,4.741799854
289448988,6.901287056
502562591,3.282330124
878496310,4.105615663
494324301,3.157571139
578724503,4.105615663
322801738,4.105615663
656414560,6.022602688
420822089,8.839220272
338435900,6.022602688
145442885,6.512345689
617642660,4.546192393
508795040,6.022602688
670997185,5.485803355
864607069,10.23785535
112871017,6.022602688
298870560,6.022602688
700885584,9.985384856
321557737,8.302588098
441564032,6.022602688
569482222,6.022602688
447558721,6.022602688
336845748,6.022602688
496456009,8.166729597
583207651,2.971294139
797812096,6.022602688
229684487,6.022602688
861577822,6.022602688
568399009,8.427343844
800653877,6.300064898
263596326,4.408943288
280527715,6.022602688
848183222,3.71255511
324858020,10.28884025
655182526,3.085636542
812401530,8.68603809
230998897,6.022602688
626470707,6.022602688
268945882,2.87492279
169068410,6.022602688
372976868,7.391748089
817738232,3.39701082
628569042,6.665896099
537781260,4.923582388
456671736,9.870797921
897708971,6.022602688
383362625,7.311879197
676188907,5.725606133
868913402,6.022602688
167695933,9.435425007
331820881,3.556574853
347740167,10.83098062
318208459,3.556574853
363746957,5.332702853
474865057,5.694036254
537451642,6.022602688
386185928,6.022602688
268793610,4.3519625
745592518,9.449740838
366837328,4.3519625
638969764,5.519198989
610417139,5.519198989
561580401,6.811032863
490850580,3.951923262
511628353,3.951923262
806828697,3.241277161
572803935,5.563472354
394011412,6.022602688
687809467,7.234480964
211988872,10.59622608
122968628,7.234480964
611483887,6.022602688
276142262,3.198663789
410057518,3.198663789
664853445,3.198663789
543724935,6.022602688
883501542,6.022602688
346014362,6.022602688
661295876,8.066370459
535756656,6.022602688
549789231,4.743936798
558135524,9.82595557
317950026,6.022602688
401441688,6.022602688
589222068,10.1144726
899786849,3.07472935
140353870,7.033197247
261859789,6.934566781
812761555,6.934566781
546384968,6.443854465
137989444,5.308074469
194061721,5.308074469
154360525,5.308074469
619416554,6.022602688
656143264,4.281080243
761093600,4.646037552
590929307,9.646716102
787986260,2.915693493
106784818,2.915693493
263468387,5.723119484
889380873,5.723119484
718365326,6.464422565
448187659,5.003628925
371642269,5.003628925
493604635,6.022602688
259038172,6.022602688
336313092,9.443546583
229549053,2.804475482
220318907,9.324811769
296677908,2.804475482
357033958,3.812758039
191713565,3.917013737
208412361,6.370754988
321981457,8.064712607
405778303,6.370754988
661874478,4.747097365
605354471,5.799959293
857781849,7.263689046
482528758,4.420970885
290869042,3.834649246
741475871,3.967465929
302704386,6.022602688
578294019,3.967465929
130031394,3.967465929
681557539,3.967465929
259102599,4.805644846
835285965,4.805644846
387121208,4.805644846
299860504,5.140951502
693114853,6.022602688
348066382,2.914188305
139635988,2.914188305
175009847,8.199466785
737075989,4.954636137
697031753,4.610662815
434003961,5.035896349
662292661,5.034215369
423794823,5.034215369
886979040,5.034215369
266399263,6.022602688
388080498,6.022602688
218524793,6.022602688
506784758,8.542541514
307467571,7.859536329
111898488,6.022602688
829702441,7.594443329
154808143,6.022602688
390858956,3.44174017
135773954,5.091892053
514007052,8.242109278
663173025,7.183855971
179922651,5.970022385
240566039,5.815773901
237075689,5.970022385
834602674,10.11254517
204726287,6.022602688
702111370,6.022602688
570890537,9.231813996
839455769,3.930493758
406175320,3.930493758
577900039,9.323600472
422099260,3.930493758
234290104,3.243527969
534734109,6.022602688
773219737,6.022602688
785498036,6.022602688
667209086,4.591671802
147818877,4.591671802
897915117,3.433819693
790443054,3.433819693
453375725,5.992215865
628994661,6.390444401
448768277,6.022602688
662701820,5.072414274
728596754,4.002949085
321997791,10.91168057
595135092,4.002949085
455357322,4.002949085
571097630,5.902214938
642427351,4.930310887
202038267,6.022602688
375390631,5.902214938
655503967,8.85944399
182686761,5.354367718
828589107,5.354367718
785670068,6.022602688
616099937,6.022602688
787359945,6.022602688
445772401,11.9614252
690268710,6.876246918
883433921,6.022602688
747981567,6.022602688
831651663,9.257318957
575106129,6.022602688
730315357,8.930270495
198118640,7.423457073
564552106,8.930270495
107303483,9.68282007
279191219,2.655571272
872925113,7.133637749
763440999,8.99600882
785144711,6.022602688
617206593,6.636614511
479530839,3.904823829
187641314,6.130679043
412342718,7.145184968
778414779,7.893189244
592135854,6.022602688
264071876,3.189480823
708130603,3.189480823
308212528,2.720577843
808851720,2.720577843
827364563,2.720577843
627848800,2.720577843
305410302,7.568971669
710947109,3.155001922
280339915,3.090556948
433855314,5.201307392
209430963,5.713000783
329079656,6.022602688
623083640,6.736878945
223672906,6.022602688
831960214,6.022602688
337372612,6.022602688
569847932,6.022602688
356157372,5.478769128
117392638,9.686744857
507042310,6.022602688
884887557,6.022602688
128379935,6.022602688
646250220,6.022602688
550621297,11.13803556
418225872,6.022602688
800833469,6.022602688
590443124,3.064399941
856463699,6.022602688
520695152,6.022602688
580905484,11.87699749
753919201,8.167703832
137189485,6.022602688
721948462,2.987263493
590198831,4.755395783
746424469,6.022602688
174156959,6.022602688
533298880,5.222239203
399863144,8.747222852
248217414,6.022602688
152167393,6.022602688
194008667,6.022602688
273526868,4.739505012
232509236,6.022602688
352060426,5.314102432
120037991,3.517477812
477989762,3.769912383
677734717,6.36188199
439284185,4.078680945
493949982,6.022602688
778812653,3.202714721
567134911,2.464064997
199950931,3.202714721
831259116,4.161475569
234343281,4.161475569
526498742,5.120197338
273059878,6.136992025
226580293,7.941398476
232797953,10.01746145
237198865,6.022602688
443413555,6.022602688
380085813,5.54438317
823482283,9.242822244
439724033,5.54438317
179120319,5.54438317
209644982,3.266530579
660868379,9.573833062
391737574,6.022602688
207204112,7.562615618
649741027,4.696996499
627086398,3.752660868
299806089,6.022602688
509180180,5.301940243
502016817,4.061331235
845312303,9.071938129
581856249,9.26420932
371593167,8.703486195
521334549,6.022602688
327281261,4.349841504
130811305,6.022602688
537336398,6.022602688
577796578,3.286223168
764773432,3.286223168
537011962,6.022602688
307345981,3.286223168
882235715,3.292325309
361720695,6.022602688
401048527,11.42272656
380020835,6.022602688
437027927,4.742047389
704142583,9.622001342
322471936,4.208591404
694400947,4.208591404
180451769,5.278989464
643924562,4.208591404
195068807,3.888609083
888302204,9.07971375
620205900,3.504087535
260247048,3.504087535
319239004,4.32634563
521461721,4.32634563
609309823,6.022602688
158349875,6.720878656
779705134,9.706321166
637835753,10.10021994
588059989,6.022602688
729089591,6.600376245
744642595,9.916439507
824951911,6.022602688
568720476,4.025808337
451458813,6.022602688
488110921,6.022602688
270723740,6.229748884
618375542,6.022602688
452702785,5.91051744
744428053,6.022602688
268332135,6.022602688
584187591,6.022602688
588368200,6.022602688
206819184,8.440589555
698449212,6.022602688
800975040,6.022602688
672130508,4.235358223
394892178,5.200237852
445320372,6.022602688
620680991,6.022602688
495772294,6.957564252
774771670,2.604661244
193189201,2.604661244
459652897,2.604661244
590622518,6.022602688
149862888,2.604661244
218667495,3.419321069
421703543,11.91315969
851720435,6.022602688
502548585,6.500745312
561374405,6.022602688
815933979,6.022602688
100250985,6.695998714
490940997,6.022602688
815770007,7.427932201
269016809,6.022602688
120312568,2.863774437
739376088,7.533093428
894410101,5.435568359
891010006,4.386086613
551947222,5.435568359
337193793,3.777133953
750569496,3.25090495
543532459,6.022602688
610303456,6.302001147
417722713,4.669360389
217253217,7.227027221
836090520,6.022602688
629883332,4.258580828
882335967,4.258580828
323080225,3.223705942
121265321,3.223705942
432504649,6.022602688
170112048,3.67819743
562448047,4.410870858
297404754,3.67819743
177153646,9.133124484
463375508,6.022602688
214324392,2.960129788
812564458,2.960129788
513169813,5.717478429
486795851,2.960129788
426659355,2.960129788
536783916,10.08598783
197224908,4.418940717
192813618,4.915002667
650812944,9.096692619
159425331,2.578260233
308608435,5.979381359
459964992,5.10357931
718303188,8.695970273
492712643,4.439929078
323012623,4.439929078
688884587,6.908616199
847047188,9.420088081
671926438,6.022602688
505083403,3.650809419
170086906,3.650809419
695266022,3.650809419
109117069,6.319716236
420574318,7.344471462
759115291,6.022602688
557817757,10.5790223
738853418,6.030852737
327291094,4.669485027
877405679,2.900143398
404855897,3.903360539
285177286,3.903360539
113639336,3.903360539
880442157,5.029223838
467417520,6.098183036
308595463,6.098183036
456062035,7.531700671
783002385,6.022602688
707798725,5.949691666
156015890,4.953507235
310880159,4.953507235
876280654,3.637919382
468593472,3.637919382
748689809,6.022602688
397651075,6.022602688
532910272,10.21067794
466547275,6.021873969
725929669,7.588128218
596587260,6.022602688
547490032,10.44179251
618387478,6.022602688
581752408,3.670044759
144556865,3.670044759
708481582,9.772896791
343260334,6.022602688
162078990,9.094808494
156177028,5.510421346
571221495,6.377582525
146143052,7.734483418
582721955,6.377582525
454726605,5.181274645
425080139,7.247268645
303617703,5.181274645
682102725,3.592283899
150430216,5.409584629
759754324,6.749992044
749993462,6.749992044
490648188,3.440849606
493768993,3.440849606
645691476,8.410171469
577736754,6.577436244
828963775,11.49196281
262921414,6.022602688
171226918,6.022602688
370092736,6.022602688
380564164,6.022602688
811758711,7.213570776
391095316,7.311390365
607420275,7.311390365
370088980,6.022602688
408417853,6.022602688
365809563,6.022602688
249552866,4.865039911
470240877,4.447976471
600265770,4.447976471
115992356,6.545528364
328013650,9.826147019
622106632,6.545528364
413390659,6.022602688
761568561,6.545528364
771982660,3.797701087
221301691,8.528342137
741378813,5.270524839
858851009,5.270524839
146549022,6.022602688
323619488,2.919993774
193348859,4.186158804
142920431,4.186158804
592893771,6.431404098
283404116,6.431404098
131910760,3.931356428
161622303,9.098510447
721831291,6.022602688
416255208,6.022602688
392118400,6.022602688
140884481,7.848570528
759401242,7.848570528
553477156,6.022602688
716717156,6.022602688
203482112,6.022602688
576748689,6.022602688
685864287,3.677282234
191069802,6.022602688
229854643,3.320754283
825129083,3.320754283
263740094,3.320754283
578818746,2.491349259
651996067,4.597895771
704659576,4.597895771
464771421,7.479305457
220471106,2.972721347
641904579,9.272782882
342207297,2.972721347
122871858,2.972721347
110445748,10.17286507
112369428,4.299270032
343104045,6.022602688
196694044,11.60227256
794667283,5.369042681
714352945,6.022602688
793653900,8.297392403
223193083,6.022602688
413162489,6.022602688
379638050,8.28828951
770624426,6.022602688
539796169,4.332228492
267384873,4.332228492
242904256,9.335530797
397890265,6.022602688
315515729,11.19610372
132851527,6.516249766
852816739,5.385858328
513710556,6.239008875
825436090,6.022602688
642958359,4.206719141
892879071,2.999420332
717387433,9.503801802
281739464,2.999420332
362156423,7.824896097
167648288,8.687323936
656950573,6.022602688
658509754,6.022602688
557508123,8.179579713
332679227,8.179579713
578911954,4.285164005
620205527,3.366783038
368906177,6.022602688
794858365,6.022602688
760997783,3.483802617
516997408,3.483802617
602089743,3.483802617
318052112,4.248312458
245795935,6.022602688
368723027,6.022602688
319902313,2.176144108
611701384,6.022602688
561359974,10.89100088
189505955,2.176144108
494990721,6.022602688
591124512,4.477852248
783119327,4.477852248
806240221,4.936252152
139978631,6.022602688
303076257,10.85912614
600709623,4.936252152
355663618,5.454167848
604864548,3.682409746
179512477,3.682409746
632610869,3.682409746
588054708,3.262561052
802688041,5.683568057
613418037,3.262561052
472006798,4.908921787
517941488,4.073307902
261215664,5.83848086
701241377,5.14797916
656081448,6.022602688
756198430,5.414418364
451066831,5.83848086
751037340,11.2200946
171472619,4.833229004
636726108,9.684014126
122604012,6.468191033
762170249,4.833229004
372324029,4.157672318
772677848,6.022602688
183894095,6.20018855
659557816,6.956913239
212856388,4.772951932
760043739,10.91152071
355116795,9.262410234
484539534,6.022602688
867327479,3.978145294
765485217,6.022602688
759448908,6.022602688
755552333,6.022602688
301034315,5.737205924
177491829,5.737205924
442247855,9.201863052
532830812,6.022602688
245440118,6.022602688
218327610,6.022602688
776892022,9.395171621
793055795,3.663340254
396251819,3.663340254
235897075,3.663340254
300724992,6.155683876
753514476,6.155683876
540115472,4.827524023
135986880,6.192777657
364022885,10.87486587
834624511,4.103812729
656451597,6.022602688
816943146,6.022602688
401521915,6.022602688
277836435,6.022602688
589001322,5.359088938
288355535,4.854384516
344208411,4.854384516
352806472,4.854384516
603994306,4.854384516
393575506,2.902795293
472496692,2.902795293
805481574,2.902795293
524943198,11.66829395
124937719,5.947402145
720219595,5.947402145
340287915,7.572319801
587649685,5.947402145
325855014,8.730662301
219275696,6.022602688
307803008,8.056309381
474475071,6.022602688
830325963,9.9921967
333247813,3.15096968
313499378,4.669094915
873133268,7.674886792
108098022,6.022602688
549363659,8.673972825
260875280,3.380935624
649082112,4.45773993
755419691,6.022602688
746537167,11.0625211
462757084,7.116416569
365401846,7.116416569
238551516,7.32728029
827048454,4.315046716
474174170,4.315046716
688280035,4.315046716
137546734,6.022602688
329254393,4.782372638
676691511,3.471311555
868538937,3.64399846
515126376,4.129420238
399352512,4.798533349
635032049,2.891669222
128933551,6.022602688
608802986,3.241484763
606511645,3.241484763
739794554,2.812000168
339485567,3.971661613
157175432,5.327712323
170179073,3.873825181
421919433,5.28224219
866641216,6.022602688
650271612,6.022602688
852346820,6.022602688
552648906,7.742594564
623026429,6.022602688
475350849,11.09910702
597422794,4.986239682
446056215,5.739276831
564337444,7.978018975
225930987,2.971884913
137217797,2.971884913
446069117,6.022602688
576846657,2.971884913
242145016,5.521775623
305483580,5.577813916
713114283,6.830547134
547088056,4.24529196
705318828,3.03578251
142301606,3.03578251
484386351,3.03578251
147424426,4.529303015
164599722,4.529303015
180510227,4.529303015
744581849,6.022602688
144977380,6.814485851
570981880,8.577827504
220360688,6.022602688
462634284,6.022602688
280552316,6.022602688
455749867,3.748170373
722442842,4.381975177
523899724,7.533231421
268236075,3.811704132
852603113,6.022602688
441570122,6.022602688
793773309,9.930124234
531867053,6.68237806
131489582,6.022602688
712672608,8.230472174
595887114,6.022602688
460822068,6.022602688
173467834,6.022602688
603464033,7.741306798
255356264,2.901387425
754804126,8.614594866
298157237,2.901387425
656782964,8.40444111
864748655,3.069871712
613075565,6.022602688
318833818,6.022602688
559421085,6.592301222
369034479,6.592301222
744642598,8.958274844
127491418,6.270327464
634592005,8.654958238
226413388,3.581849415
249825897,6.022602688
871884504,4.87738411
752796833,6.022602688
353137693,3.99360169
258917483,6.579341484
450975388,3.99360169
782958386,3.370867166
514015242,4.810643041
418506788,10.34612091
768444694,8.682893814
827138906,6.022602688
563325930,3.283154997
687082853,6.022602688
714907626,6.022602688
469744616,4.050821303
134194776,6.022602688
230336045,4.050821303
777015500,4.050821303
282192186,4.050821303
156523114,9.169448708
401966647,6.167082221
124753248,3.255965189
705714245,3.255965189
168243930,3.255965189
286930728,3.255965189
705867830,4.451688661
602771026,4.451688661
217051320,9.311297496
240067171,4.451688661
893283486,2.969853661
325144294,2.969853661
294979155,2.969853661
105853628,11.19813281
743926725,7.913829404
255487357,2.969853661
843379445,2.884252446
830461367,2.884252446
194458676,2.884252446
862478360,2.884252446
329070972,5.617915258
131080549,6.022602688
248167413,6.022602688
782769822,6.022602688
839434054,6.022602688
519627950,6.022602688
520972011,7.40979646
143621932,11.25299202
516634126,7.515126101
301238596,2.885035124
750233395,6.022602688
888095010,9.935185588
392621092,7.408237855
732781019,5.302195385
890298666,7.309015995
822058415,5.302195385
437637690,2.880733919
112611010,2.880733919
157549719,2.880733919
599894412,9.793827863
417043125,3.506549205
430501511,6.022602688
174024317,6.164670903
755873652,6.022602688
330761242,8.7287622
135454590,4.667268459
386878533,5.895029819
528858414,5.877861139
266015943,8.753627091
520661251,10.04741801
165822138,3.705825287
706920246,6.022602688
527672634,5.120832868
177456101,5.120832868
894796131,9.158740744
477070523,6.022602688
571457474,6.022602688
295105396,5.493475341
198240141,6.022602688
102658590,5.894319946
130190611,5.894319946
268903411,6.022602688
871789361,10.23679832
842657866,5.640510075
141691878,5.640510075
259657956,5.640510075
566499183,4.332710036
416370312,5.220894392
165004423,6.022602688
839683488,5.220894392
175988540,10.20935015
478359807,3.691701495
529425220,3.691701495
264786265,5.986564393
282242665,9.500186428
460739766,11.15233027
388141337,6.022602688
626455175,7.499133939
136000841,6.022602688
533393782,6.022602688
797899128,11.32661429
141099247,6.022602688
827672621,3.585672328
633572815,4.850653159
212649276,6.022602688
800373997,6.022602688
382056702,6.022602688
842235196,5.604786132
674846128,5.284486233
253886762,5.576990337
514710412,9.889709704
850150571,5.576990337
705992448,9.605483188
513959965,2.798162095
291318722,6.022602688
246330403,6.022602688
289851872,10.43265269
567051046,9.499058039
188299504,5.601653987
607726759,5.601653987
893695660,6.022602688
142011960,5.601653987
626944827,5.396979066
790908713,5.396979066
876342506,5.396979066
563841984,6.022602688
602839241,11.03895418
483524848,6.022602688
329096675,6.022602688
375971364,6.022602688
690748850,3.246314117
792789188,8.88509206
228936724,3.340640865
588002376,9.701657337
103021587,6.022602688
451280063,7.183369925
801197677,5.245770893
624571623,5.245770893
175742516,6.022602688
241545734,6.022602688
521575510,6.022602688
665408823,6.022602688
661882750,8.036353303
336076837,8.42554812
460574480,6.022602688
155596332,6.026883407
717122879,3.728383454
594718054,11.75114187
663069427,3.041943418
518441268,5.208550045
475252999,5.208550045
381457736,2.808561366
843050787,2.808561366
651760964,2.890797365
288724003,2.890797365
400420588,5.510619425
368360590,8.960810993
808477539,6.022602688
861399051,6.022602688
134564506,5.993310848
580327009,5.788733512
774422456,6.022602688
113567057,10.12263411
179698252,9.654434375
656027407,8.348810817
849337792,3.244256723
605918750,6.022602688
311172693,3.676759188
846295620,11.56504689
564847778,6.022602688
726285671,6.022602688
884490583,6.062773765
423917404,11.61951713
692893410,6.062773765
473584300,7.54082834
516641446,6.022602688
817065415,3.258237966
554301950,6.022602688
598326042,6.022602688
624555138,3.54393363
867450405,6.022602688
556207041,6.022602688
414268756,9.451461144
798954000,9.884899071
654224232,3.948672281
511928721,4.582026112
501183280,2.938634782
124155561,2.938634782
489792346,2.938634782
849692463,9.153023206
832034030,4.839045764
695398560,4.839045764
213746642,4.577292849
293774588,6.022602688
151342547,4.577292849
874807065,7.899025114
695013762,5.425327843
589238047,2.899940883
690580080,9.128112519
274106902,6.022602688
616585670,6.022602688
737586426,3.427241266
111560412,2.929803373
724511608,7.294337439
273059346,6.022602688
694564343,6.022602688
764266349,6.022602688
116608035,9.023630393
760610704,6.022602688
343156505,2.942964564
131289531,5.239808126
298180753,5.239808126
493039648,6.176490096
887662938,5.096009887
212810631,11.1941009
360080069,4.515450293
469866251,7.227664918
741822056,4.515450293
613828634,4.515450293
304223465,4.04791665
378396178,6.022602688
499589345,4.16884802
786842544,3.869797223
530116780,2.683118515
371362582,6.022602688
181243033,9.824893159
230936881,7.218419644
833254054,6.022602688
373493983,7.243410054
589003380,7.243410054
582037441,9.067996814
412437283,6.022602688
446074550,6.908055994
830381379,3.112474771
383042828,3.112474771
661915691,5.113252684
361518969,3.529559929
573210588,3.574548528
320555798,10.88740568
351896234,5.847800309
473330905,5.847800309
626629918,6.022602688
786600108,7.926042389
347404155,4.024311629
609019450,4.024311629
251189833,6.022602688
851945382,6.022602688
472035619,6.022602688
397027376,6.022602688
473660903,6.022602688
346236974,5.046720265
168505860,2.666727674
817987287,2.666727674
310978408,2.666727674
297902184,2.666727674
376502833,3.311148969
813207063,3.311148969
113058916,3.311148969
218159588,2.911977472
378644102,2.911977472
131771248,9.225944021
129448314,3.755113273
729130867,11.51698462
759856864,6.022602688
831578729,4.582700807
896739500,4.582700807
827774905,9.854333973
622695307,5.784806065
721136147,6.022602688
187887676,6.022602688
730072507,3.078522421
267919898,6.450661256
248521818,3.340775958
358218732,5.236451781
848823352,4.828216148
143326069,10.14872496
720143436,8.561107816
791520624,5.912683012
702985361,8.561107816
697867261,4.153073912
221816837,3.525912665
326362385,9.226722848
251616823,5.581276497
714690683,5.581276497
619261081,11.25658753
240240610,6.912933381
375267041,6.022602688
801630750,6.022602688
419339253,5.708279857
258529193,5.708279857
298844203,11.31614513
378875925,3.923513403
255549044,3.923513403
213832162,5.776623279
194985291,6.022602688
261006541,9.969062416
213451477,8.923037444
864612996,6.022602688
226348958,3.269681021
848015116,4.31531503
317078439,4.31531503
437094252,2.781127906
475166561,4.555462083
313164485,10.55567641
291615945,6.768392987
412254099,4.50055986
280035902,4.50055986
630565290,6.022602688
599367824,6.022602688
783735234,6.022602688
819948941,4.769514291
349707668,3.333187582
515636853,3.333187582
212232922,9.133279666
664914423,5.836442106
244715606,8.477099222
685522522,6.022602688
702583723,10.92020331
805630121,7.279754596
859531148,6.022602688
880757448,6.022602688
563125685,6.022602688
740323171,8.941824918
523176699,10.70577206
119933083,6.184590241
540302818,4.235540129
791885344,10.03096634
726817959,6.022602688
566528046,6.022602688
356916488,6.022602688
466907886,6.892417933
334525116,7.250952418
860753141,11.96584832
278635170,6.896867
374130275,3.521435985
410835656,10.38534976
353169625,6.022602688
799116111,6.022602688
229823168,6.906491623
881431562,2.97364446
519847151,2.652736132
360426361,3.310334122
383213979,11.53962354
467889756,4.366334383
593364593,8.458868767
762648944,6.022602688
666573872,6.022602688
544231112,3.162459936
873156260,6.022602688
785076015,5.848745001
422500100,6.022602688
497776069,6.458773657
501291893,6.022602688
596342653,9.681962107
345584261,6.022602688
467204923,6.022602688
726602035,4.846934863
269541670,4.846934863
146811530,4.846934863
673701890,6.228129558
708123201,5.061217935
369689766,6.022602688
554080269,10.21896295
688157907,11.90941911
817788357,6.022602688
798501590,4.81923187
226275336,3.055948363
102015815,6.098043803
762885470,6.642174667
522788805,6.022602688
560826007,6.022602688
633902431,6.022602688
572328251,6.022602688
246774766,11.72957044
349716936,3.215673004
364865670,6.022602688
660509930,6.022602688
793485202,4.161198197
311081817,6.022602688
498046171,6.022602688
614790525,6.022602688
486134058,10.09324751
289171439,3.23454488
287434457,3.23454488
750901127,6.022602688
769528593,5.787028486
218985760,5.787028486
359522625,5.688217997
255242475,10.03864711
813771409,4.555564835
334075763,5.559212612
178583147,2.703789534
512599653,6.022602688
154039488,3.265535479
881761769,3.273120601
286546840,3.273120601
820622710,5.842495216
272310651,5.051652679
749010053,7.676857503
105331303,6.022602688
867988801,6.839320937
305343220,6.022602688
667199262,6.022602688
767323383,7.386419057
384052202,8.926406139
784936623,8.03843852
838931043,6.022602688
738129245,9.945460349
833074493,3.506675911
470997581,3.018545275
668291786,4.226708609
683400030,6.284465716
571767995,6.007559656
245345473,6.022602688
547570369,10.39666139
706882434,4.109052485
387520174,4.109052485
590093291,4.774459863
346763421,2.900895419
377612077,3.496873844
776089556,8.590603148
264777622,8.188217623
309100054,3.993948729
687991520,6.482161602
283375280,6.022602688
381374829,5.509023013
274296023,6.022602688
561566287,5.086376033
175669039,6.022602688
631517803,6.820881904
185534671,6.022602688
248021344,8.368511116
632659579,6.022602688
563145473,6.022602688
844063314,6.022602688
167436179,10.24828901
571808934,5.622365469
672170017,5.622365469
585503748,5.269699472
307653147,6.022602688
246543950,6.022602688
474524164,6.022602688
711045533,10.38696342
657774525,5.547601613
833172849,7.619393922
629473681,7.619393922
715617078,6.022602688
654243126,3.265719387
626305965,3.304719485
426561913,9.337587297
463124372,3.948226901
570465351,3.547726842
855369061,3.547726842
663943840,2.549222905
400379714,6.022602688
411886824,7.840436696
288961984,6.022602688
420966737,10.47602871
807332119,2.708346471
489412374,2.708346471
221249455,6.676714343
644996416,6.022602688
512583919,2.708346471
876533690,7.856426312
126276372,4.953874713
554893550,4.953874713
676649092,4.953874713
553212091,6.022602688
612103855,4.26937464
881104138,9.218939395
591662521,4.741799854
563695401,4.741799854
890563698,3.282330124
835003150,3.282330124
406972562,4.988991668
414899758,10.19337145
282317547,4.988991668
776320022,4.988991668
578555653,4.988991668
650147983,6.022602688
345508387,6.022602688
843971304,6.603853919
453443081,6.022602688
205261138,6.022602688
822990082,6.022602688
495217102,6.574864229
318905865,5.485803355
605456376,5.485803355
890118244,5.485803355
629577951,7.929694345
537117118,6.022602688
229728975,6.022602688
394419755,9.942929487
785256426,6.022602688
750325031,4.594644904
698646438,6.022602688
841517790,6.022602688
552031311,6.022602688
449306852,9.417654438
697419012,6.022602688
304176172,6.022602688
882620367,6.022602688
196415082,6.022602688
241339636,6.022602688
198344249,6.022602688
307673680,11.51835539
892630442,4.647135852
218157085,6.022602688
606497646,3.085636542
722465808,3.085636542
686268825,6.022602688
534656788,6.022602688
429931480,6.022602688
791242502,10.82382367
632615275,5.007898903
389703160,5.007898903
151903790,9.454780089
703402118,6.665896099
793322818,4.923582388
617746129,4.923582388
207154399,5.062483175
500259717,5.339410779
595733855,6.022602688
883542290,11.94128363
811386039,6.022602688
833022400,6.022602688
476388513,11.04925981
781241164,11.27154206
492652050,4.879907214
269862354,7.311879197
839786187,5.725606133
152638011,5.725606133
195007017,5.725606133
335527154,3.556574853
581947145,3.556574853
132849359,7.375244685
442957035,5.694036254
388956305,5.694036254
572043158,6.022602688
702693133,4.3519625
118672058,4.3519625
580886638,5.519198989
235389527,5.519198989
347717850,7.784286861
724734692,11.33729501
836396549,3.951923262
705017674,3.951923262
709042155,6.267924831
353489278,4.607537092
688254795,4.607537092
631256973,4.607537092
111689218,7.234480964
661353793,7.282147227
281347285,6.022602688
571059548,9.073326774
682902331,4.549718477
784493600,2.207874259
473355277,6.022602688
119001327,6.022602688
859283653,3.198663789
334061962,10.92188535
603358536,6.953003263
229173312,9.095662383
590647761,3.711400955
249451807,6.022602688
546535763,6.022602688
133805471,6.022602688
774479428,6.022602688
410846472,3.07472935
880423171,3.07472935
199123675,8.028340477
893673638,3.07472935
368929476,5.104520423
779868557,6.022602688
503469153,9.633573532
631725025,3.369338787
265615082,6.022602688
504437766,7.544899198
574663941,6.022602688
876140072,4.646037552
245685512,4.646037552
101379432,7.150513205
447596756,6.022602688
134015116,6.022602688
348865567,5.768501204
132269544,6.022602688
884188874,5.844217672
523529655,5.844217672
669132108,5.844217672
638497727,2.915693493
516626050,2.915693493
234131195,5.868814518
250308001,7.08886551
876856523,4.248327855
682865212,5.723119484
359925512,11.38202479
277878057,5.003628925
853965769,7.723001871
277796088,5.003628925
802082988,6.022602688
715539108,6.022602688
613325575,6.022602688
214258160,2.804475482
343605093,2.804475482
435927909,10.08078338
703907437,10.07946157
354966709,10.13300635
836533540,6.022602688
128749088,6.022602688
260681306,6.022602688
452502528,6.022602688
708572257,7.263689046
665972039,7.316177625
890479649,5.681169663
515922791,2.914188305
397525022,2.914188305
325167956,6.022602688
158539264,4.610662815
104762185,4.610662815
555524701,4.610662815
111185151,9.713086119
458006645,6.022602688
149068522,5.034215369
749660420,5.740383741
760807531,5.740383741
103689868,3.979350658
467408088,5.740383741
418428092,10.97472303
659949682,5.399276566
353917037,6.022602688
549578547,7.142942343
520297568,6.022602688
334102355,6.022602688
527937595,3.44174017
883975221,3.44174017
738150384,3.44174017
646720136,5.970022385
733619813,6.022602688
378866216,11.07002797
452636206,6.022602688
609799593,5.906846568
492187564,5.906846568
228916521,6.022602688
132159339,5.906846568
382314182,6.022602688
147626765,3.930493758
711329930,8.562677208
200292705,6.022602688
151333739,4.591671802
740954121,4.591671802
897920446,6.022602688
884830331,9.590912433
415841914,3.433819693
523978067,3.433819693
462415407,9.182603982
714169111,6.022602688
171303545,9.408722992
167345334,6.022602688
395704874,4.002949085
420443854,4.143113291
249892891,5.902214938
337854774,5.354367718
436246722,8.454223925
284538592,10.98475545
638340242,5.354367718
383537622,2.98870759
330506200,2.98870759
392845225,2.98870759
336218710,8.808561208
439642569,6.972797124
473525733,6.022602688
239414541,6.022602688
387220643,6.022602688
277082537,3.434600372
412574270,3.434600372
898153937,3.434600372
245938158,3.434600372
264279961,10.57873832
572385576,9.380373586
664758453,9.510137835
342995846,3.244477172
876081729,6.022602688
208924907,6.022602688
147697583,8.66593953
456613903,11.49547918
736865750,6.022602688
580294875,6.022602688
809348308,8.923727619
667103857,8.269603677
117913255,6.022602688
531813100,3.756147702
422520244,4.99698011
560465338,7.133637749
816211197,11.46925413
271983076,6.636614511
585001052,6.022602688
467707458,11.31070658
181809112,3.904823829
490058267,3.904823829
511196062,3.904823829
219876922,5.370524215
891973765,6.022602688
717244454,6.022602688
285197335,6.022602688
333444477,3.290512784
562986038,6.022602688
645502448,3.189480823
349230531,3.189480823
646910481,6.022602688
745391430,9.674705917
112801534,6.022602688
616692411,6.022602688
408423089,6.022602688
450421575,3.473819873
450294861,5.369922682
837512667,5.369922682
369131359,5.369922682
570003891,4.666444049
487662295,5.074900318
262676773,4.98805874
514625131,4.98805874
396307868,6.022602688
366192087,11.39887807
417078082,2.853269226
475760136,6.440292119
252808805,2.853269226
119612417,3.173744043
779849610,3.155001922
801638049,5.634722176
214900944,3.090556948
557887122,3.090556948
430883035,8.175226085
868580990,5.201307392
593993668,6.022602688
375735573,5.201307392
340072819,5.201307392
217332253,5.713000783
801864294,7.894514508
627862410,6.022602688
803803559,10.39225641
199321719,6.022602688
784024183,8.288680832
185637885,5.478769128
589722372,5.478769128
896853039,6.022602688
360732200,5.478769128
256030857,4.71836216
130624243,6.022602688
417397324,11.31112721
214892055,9.301214265
233306548,6.022602688
650557666,2.987263493
663598587,8.137243575
648424296,4.06239722
736227467,6.022602688
551954599,10.16201502
263446186,5.222239203
305003991,10.90632729
491690018,6.022602688
669806051,6.788578656
847603961,6.023433668
326711103,4.739505012
107055218,4.739505012
212740950,5.314102432
587617913,5.314102432
862917855,10.3551188
212920440,9.489185196
593450837,6.516843838
801518749,10.22027303
778065319,2.673250516
366420682,4.078680945
779149738,4.161475569
372270227,6.022602688
580279801,6.022602688
745040212,9.519105248
593657564,5.54438317
517855222,3.266530579
634729830,3.266530579
117261845,3.481772579
888266043,6.022602688
366232520,6.022602688
859264828,6.022602688
142655853,4.696996499
706544062,10.10580005
701912850,7.811984971
617883999,3.729276366
857267059,6.022602688
534927232,11.65788836
848419433,3.738791736
820862819,8.596422497
181485379,6.022602688
730447723,4.349841504
612745940,4.349841504
795821279,3.292325309
691234672,3.292325309
665906394,3.292325309
833641813,5.289853611
831954114,7.048577391
861626861,7.048577391
182487365,4.742047389
858219081,4.742047389
633991409,4.208591404
484125194,6.022602688
440128833,6.022602688
754891158,3.888609083
465662861,3.888609083
618722157,3.69844559
687823360,3.504087535
400739954,9.854581826
789780000,6.022602688
182059046,6.022602688
187827940,9.384275078
347726044,11.70131255
514189679,9.001167621
552312400,6.022602688
823367082,6.022602688
588009030,9.531163305
260447428,3.419321069
306860745,8.540272622
165536487,3.275440237
834529689,3.275440237
144244793,3.275440237
364806875,6.022602688
530384550,9.870112966
619288954,6.695998714
130410768,11.45572851
132430549,6.695998714
133394737,5.186521692
769619784,3.718266907
837922308,3.331655088
767725432,6.022602688
395374079,5.622682959
851085111,8.589774553
486185224,5.435568359
889476638,6.772001091
337961652,6.562474944
212817486,7.914027857
296620465,9.293292507
377498917,6.562474944
312612963,6.022602688
741055755,4.669360389
584183061,7.454391963
627253754,5.536190989
774473778,4.258580828
535755827,4.258580828
844706078,10.80162865
333050288,3.223705942
279040513,3.67819743
417498090,6.022602688
843758999,6.480092063
149887012,3.132734837
866007447,10.55041317
499225607,6.022602688
559230617,4.666776376
612754466,6.236011426
127627368,3.210512651
161646129,6.022602688
295903352,6.022602688
319652011,5.10357931
505846723,5.10357931
821262254,4.439929078
841721164,6.022602688
602654825,3.650809419
820491870,3.936453745
197967658,3.296954131
531667248,10.28013699
110328409,7.367427599
754148373,5.565139433
723503856,7.367427599
622512374,11.5600581
637662960,4.669485027
585102034,4.669485027
565262251,7.264048658
496012919,6.022602688
670495211,10.19018721
813706545,6.186254564
217107514,6.022602688
704177332,7.024381896
627368406,4.953507235
636676120,4.953507235
623327985,4.350024385
106554501,3.637919382
496842004,6.022602688
263353406,6.022602688
199100782,6.022602688
718855146,6.022602688
891060112,6.022602688
177039010,11.97220663
292094790,3.670044759
172519618,6.377582525
450493526,5.181274645
428704412,5.814339738
674520142,5.814339738
423733405,6.022602688
675115276,2.45998862
244372962,2.45998862
669349942,9.947141862
289285283,6.545729951
444498488,5.267793072
583451276,3.440849606
670389195,4.64774575
308648701,4.64774575
260185555,4.64774575
290058811,6.628913931
329753923,6.628913931
304321033,7.564453126
143284805,7.425457004
853616273,6.513944618
487190196,11.71309233
537163944,6.022602688
667843127,9.36053183
573095428,6.022602688
382186419,4.447976471
453997560,6.703952059
197580804,6.022602688
805415835,6.022602688
124181119,6.022602688
884434873,6.022602688
128225004,7.251692333
797389850,7.251692333
724264976,3.797701087
480802180,9.086181888
458823981,5.459903852
229284542,8.691856543
610895761,5.270524839
800826616,2.919993774
129077206,2.919993774
599895459,4.186158804
681047032,10.29417436
794765172,5.622562312
445842347,6.022602688
721651970,8.241078468
158497183,9.715458622
161066068,6.022602688
248060152,6.022602688
598442526,6.022602688
759078687,6.022602688
611198832,6.022602688
821094329,6.022602688
187923023,4.597895771
268209804,6.955775918
312600405,2.972721347
636760301,8.644224982
423061882,4.332228492
658048593,4.332228492
115949525,6.022602688
506047068,4.051778717
160932617,11.71262034
669078287,2.999420332
491048188,2.999420332
720488336,6.022602688
364091457,6.022602688
113465172,10.04989444
241423664,4.285164005
241307527,6.022602688
696358872,4.285164005
189189243,6.20440298
168293279,3.483802617
886617203,2.176144108
573878878,6.022602688
774508742,6.022602688
151510548,6.022602688
465527310,6.022602688
385388381,7.658793409
375673266,4.477852248
888083183,4.477852248
530358717,9.040782015
337414897,4.936252152
876874582,3.682409746
670582354,3.262561052
166517578,9.381392302
797904101,4.833229004
586259108,8.437687266
684070354,6.20018855
199021293,10.10448176
155092964,4.708974774
310887604,11.13854987
893465151,6.022602688
893468057,6.022602688
613449746,9.213745581
871036491,5.737205924
251507987,6.891316459
674639752,6.494426515
674310836,6.463369091
559017101,3.663340254
334927054,6.155683876
534797881,10.11132172
477832125,6.022602688
669549408,2.902795293
723541832,3.129993889
730387833,6.022602688
231157592,5.947402145
681579719,9.624677128
516828757,4.543093581
404001856,5.059065984
859084067,6.022602688
765561899,6.022602688
430944446,6.022602688
603878717,10.74348793
477673190,4.042743913
511275330,9.625375949
304467852,6.022602688
601834410,7.169110912
570029513,6.022602688
685438738,6.617293529
547222483,2.890053943
810365466,7.671162585
167556945,6.022602688
793307733,4.129420238
827243934,4.798533349
617251720,8.659737147
791551217,6.76926207
655929503,6.76926207
114995168,3.241484763
530330620,8.905667099
589930574,2.812000168
536053864,2.812000168
475521817,2.812000168
308567572,10.82961657
468632875,3.971661613
494759886,3.873825181
412766489,3.873825181
720053516,9.612158595
393707912,3.747821775
419958939,7.408254745
551722857,4.986239682
697319545,4.986239682
810650610,11.94913103
821062339,8.332289608
399483471,5.739276831
515110160,6.022602688
235137966,5.739276831
480849502,5.739276831
406659958,5.521775623
592421365,7.316755398
105456095,2.770753812
892358900,10.40125676
304966766,6.022602688
596473800,3.710711919
867665024,3.710711919
740080959,9.303388826
279618020,9.400341507
383664683,7.472715758
329583010,3.737989164
472665820,2.394792556
826031304,2.394792556
262305714,2.394792556
423919688,6.022602688
791184026,6.022602688
284164658,4.529303015
132883221,8.235689008
485059633,8.577827504
224229175,6.022602688
347969599,6.022602688
342208303,6.022602688
165181922,4.381975177
724849691,6.022602688
644530451,6.022602688
796869247,2.901387425
868808160,2.901387425
811837981,6.022602688
687781678,8.189258508
676304286,6.592301222
100959719,3.183453712
893400395,4.87738411
108417524,4.820660768
662194139,4.810643041
898766480,4.810643041
848842577,7.911438298
559882809,7.407703031
234103362,9.221737719
116100751,6.022602688
239716271,6.022602688
849785486,9.450897367
718520077,5.476782656
897256879,6.022602688
247633502,3.062919338
246341778,4.787444609
569071896,4.022194168
769518236,6.022602688
494122333,4.974749899
781805240,5.896389724
607544230,6.022602688
486619952,6.022602688
446177097,3.758679109
204055996,6.022602688
365749188,6.022602688
886334929,4.249689919
804012900,4.249689919
421892907,5.302195385
302496021,6.022602688
787234840,5.302195385
257761072,4.609349697
225836134,2.880733919
222361410,8.539942726
348710081,8.539942726
494265855,8.539942726
108484471,6.022602688
265881672,4.78960474
342420210,7.206505396
388204388,5.877861139
265355365,5.877861139
768821735,2.711419325
129999139,2.711419325
671862075,2.711419325
573366306,3.952482455
840728142,7.882062981
557581972,3.952482455
757236132,6.356746868
267328328,5.657089784
619951618,5.657089784
534340959,6.022602688
121918989,4.192989841
852643574,4.192989841
718346636,4.581595904
578426732,4.581595904
119401481,5.344433209
543838341,6.022602688
783763473,4.082871131
742154340,3.705825287
195957486,6.908508208
593811616,5.15666481
742568193,4.075142561
235215377,6.022602688
651186136,5.493475341
561051606,5.493475341
261533533,7.67649412
145308732,5.285729675
727964841,5.285729675
687293540,5.285729675
818624914,5.894319946
783251670,7.252858326
815804809,9.557592346
649457425,5.640510075
652695969,5.220894392
565657343,3.691701495
370163497,3.691701495
878081307,6.022602688
151939924,6.509672534
558596257,10.61754655
459289355,7.60521746
713470662,7.212275524
673424624,9.585173164
520277151,6.022602688
321512672,5.528553002
650867407,6.022602688
489843346,6.022602688
267249203,6.022602688
392601450,4.850653159
606357594,6.022602688
166579580,9.409921024
663483115,4.850653159
851570299,6.535619805
619125806,6.022602688
495935144,8.432925016
399034814,6.905911431
563949064,5.284486233
876425474,3.747538171
840620580,5.284486233
708360584,6.022602688
806205439,5.576990337
856283633,5.576990337
284265331,9.65406797
218125994,6.022602688
188656375,7.201804148
109060318,6.022602688
770353053,10.07343723
542742777,6.539392262
364521132,9.099473562
128611228,3.022024543
717336520,5.396979066
455957389,6.137276333
805582511,7.190191221
663738143,5.698090019
534469550,6.022602688
879735901,6.022602688
434889708,11.07266702
273926146,8.03469331
474567421,6.022602688
156063819,6.022602688
749189320,3.246314117
399579642,3.246314117
397405576,6.022602688
165756732,8.774220845
607184502,3.246314117
660954640,6.022602688
545631916,6.022602688
114632689,6.022602688
120870623,11.17857488
111464384,9.133107266
864828468,5.753414776
192046978,3.340640865
191962702,3.340640865
280804846,3.340640865
512366196,6.404718582
829366610,4.750132635
338010227,9.735253349
835048568,6.022602688
489206880,6.022602688
120284093,5.245770893
728666664,5.245770893
306884341,7.681434667
439577406,11.85488231
538141520,6.022602688
873774750,10.42607896
802204129,6.771771011
506079256,6.022602688
791246012,6.022602688
178771317,6.022602688
660193457,6.022602688
693846673,6.022602688
818222360,6.022602688
799961561,6.022602688
756085405,6.026883407
438146050,6.026883407
588861896,6.022602688
324656385,8.194292707
233960985,9.850600533
509795677,3.270776968
649694818,3.728383454
437763252,3.728383454
159486527,6.022602688
349832731,6.022602688
505990755,5.208550045
359797642,10.63078767
520239452,5.0313137
516301574,2.808561366
601323411,6.022602688
332787183,2.808561366
370943456,2.988780184
642312556,2.890797365
562467920,2.890797365
252529098,6.022602688
680984427,3.329916545
510755628,6.022602688
479585364,5.116746478
477897069,10.17484791
280759056,6.022602688
680250178,8.396305731
390008208,8.803848871
589548310,6.022602688
123800076,6.022602688
687435736,4.116772074
562382364,4.075400902
545010799,6.022602688
458426685,4.075400902
594383333,4.075400902
546738664,4.075400902
315002293,6.022602688
442932222,6.022602688
483618536,11.09135671
837525956,6.39318929
411651033,6.8105007
407977433,6.062773765
222246790,6.062773765
252061046,10.84690006
184405320,3.258237966
139533499,3.258237966
484815938,3.258237966
334055062,6.022602688
401236102,9.28896218
607543836,6.022602688
414269204,11.18232606
614686923,4.749191758
751399427,3.54393363
500870330,3.54393363
667970208,3.54393363
702806511,7.77440518
762208069,10.12291688
460107573,6.022602688
451563385,9.93959614
618793724,4.582026112
736529446,4.582026112
813214558,11.82500535
338455353,2.938634782
145323257,9.589371555
335735380,7.340474793
389028519,4.839045764
460410838,6.022602688
100087409,4.839045764
514218605,4.577292849
314844412,4.577292849
852587504,5.692445025
840609582,5.425327843
424625002,5.425327843
264750549,11.45179595
620714808,5.425327843
426005071,6.022602688
243873516,6.022602688
219787632,6.022602688
579964668,11.37938027
192566073,9.81079757
172031072,6.022602688
522288855,6.022602688
705080125,6.022602688
252639435,6.022602688
297309622,6.022602688
571874766,9.129433965
795240313,6.022602688
891339005,6.022602688
178594835,8.309650558
125380094,10.49351951
823442396,10.40407456
265118976,6.022602688
257437177,6.022602688
135624643,6.022602688
816003775,5.45195992
789208439,5.45195992
763920255,4.571824235
421735888,8.071145457
392812507,6.022602688
580142390,10.97553278
143409396,7.584276556
498677864,6.022602688
159186740,8.08019618
221665709,6.022602688
287976875,4.502518227
794779108,5.574902535
355602678,7.523472971
811221362,2.942964564
595953926,2.942964564
658163528,9.894764996
487776968,2.942964564
483542188,3.054668337
225413280,3.849977195
625891347,6.022602688
621894007,5.096009887
495794569,5.096009887
631199045,5.096009887
293823828,4.515450293
388942655,6.723391459
422811580,6.022602688
426390398,4.16884802
717549962,4.16884802
279951161,6.022602688
241225467,6.022602688
891480024,6.022602688
451104470,6.022602688
697571807,6.022602688
859044843,10.40278623
336692286,3.658509437
433753344,4.082748384
498239013,4.082748384
198048407,6.022602688
189969798,4.082748384
110687583,4.082748384
821095603,6.022602688
703228890,6.022602688
568078791,2.490366975
195440385,6.022602688
834417137,7.622937831
677722264,6.022602688
340445502,3.112474771
582630837,3.112474771
617337158,2.899924646
127795881,3.135666686
635985151,5.847800309
630063469,5.847800309
129040384,8.017287635
247984236,4.024311629
590304490,4.024311629
292263183,6.022602688
648644653,3.883903781
833060566,2.857430038
437131963,2.857430038
367119554,2.857430038
408314251,10.05846276
125896922,2.857430038
706152836,9.377848286
258098606,6.10072613
271036570,6.022602688
223598142,7.345264482
357264757,6.022602688
141033768,6.022602688
614343642,8.710356043
808121546,6.022602688
548822006,3.311148969
820783771,6.022602688
290891670,6.500625852
182108138,2.911977472
814855587,2.911977472
507328378,11.70109996
653556950,10.94669863
889678201,10.07454218
501351840,9.225944021
634525304,8.718232961
302242254,9.225944021
282651802,10.43587064
652847409,3.755113273
739131008,3.755113273
353359586,6.022602688
839769816,3.755113273
385244881,4.031761744
768696806,5.568789365
684394018,4.031761744
481187408,4.031761744
444882824,4.031761744
445162427,6.022602688
612568811,6.022602688
629044245,4.582700807
699295667,4.582700807
841990808,6.384889133
860815204,8.767143561
349652039,6.022602688
575103007,10.46509153
761899266,8.767143561
446407794,6.022602688
432995598,6.022602688
767855335,11.02612188
657223288,5.116074959
106885300,6.661957747
406290704,6.022602688
726821037,6.022602688
761156767,2.935176768
424690653,2.935176768
155132771,6.022602688
329866311,2.935176768
695858791,2.935176768
159584874,10.0607084
573185006,7.061033951
158574606,5.236451781
251721745,5.051527441
249128200,5.236451781
402936847,5.302054119
798082767,6.630199918
342133009,4.828216148
410975864,3.855652731
188168334,4.828216148
795180766,8.588815095
510712789,5.981886638
789860269,6.022602688
671037736,6.022602688
590763481,6.022602688
399486015,6.022602688
559487779,5.10566509
761747148,5.10566509
771621421,3.110755017
448062833,4.342775964
493844153,4.485756865
284862647,4.291438497
114335262,4.485756865
888557277,10.25976068
820905907,8.133589752
117726166,3.369333811
766530558,3.369333811
711044576,9.628591648
689563494,3.369333811
473331989,3.369333811
894402802,2.616165435
320057902,2.616165435
499307033,2.616165435
117807007,11.07101933
175615951,3.525912665
523657275,2.695917966
611582129,3.525912665
818747492,5.581276497
621299598,9.912504403
628924830,9.711189493
251819401,5.581276497
760405099,3.627889259
782446845,6.022602688
237189367,6.022602688
274850523,10.56694028
879010093,6.022602688
851992599,6.022602688
697718475,6.022602688
720461546,6.022602688
260023953,6.022602688
276193052,6.022602688
235243520,9.62025411
512943821,6.022602688
393276647,6.022602688
170264817,6.022602688
200536416,6.372221864
460107783,5.708279857
697204777,5.708279857
329241428,3.923513403
648412071,6.022602688
851469357,3.923513403
197341407,6.022602688
860554433,6.022602688
317703081,3.269681021
596129881,6.070062192
584520590,3.269681021
466806613,6.022602688
141082926,3.269681021
651019364,4.31531503
265194646,4.31531503
553635527,9.57584401
219174748,6.022602688
803963551,3.171522733
683353813,9.263125869
615606901,6.044174489
869234464,4.86170067
591026563,4.86170067
853448332,9.822700989
357399784,6.022602688
169228263,6.022602688
506804379,6.022602688
123854632,6.022602688
507178196,6.499207674
513233367,6.022602688
467921146,6.499207674
295772817,6.022602688
582915862,6.022602688
194941060,6.022602688
850830690,6.022602688
794073068,6.022602688
587204261,3.656654092
282384546,8.501789388
184500207,2.781127906
612742354,2.781127906
837418215,5.697309566
460925066,4.59371417
794593841,4.59371417
468705525,11.85213674
346461742,4.59371417
428596092,4.59371417
867160254,6.022602688
750864914,9.830079852
737267078,6.022602688
680836386,6.022602688
352002858,6.022602688
882865403,8.044225596
607330176,6.022602688
759724155,6.022602688
858487062,6.022602688
293615276,11.60430294
106073492,6.022602688
218882815,4.851441669
870106791,4.851441669
867260200,5.945125635
821595475,4.851441669
444594251,4.555462083
563863008,4.555462083
829201402,7.65152312
700817325,5.490035116
535515160,4.555462083
367677239,7.229519035
277803643,6.768392987
507186426,6.768392987
738809224,6.768392987
852516349,4.088555868
494929274,4.50055986
647724683,6.022602688
457939929,10.27037042
583896097,5.381467876
174707186,6.73240971
333209455,6.022602688
193408385,3.336945664
322574626,9.974487812
849508696,6.022602688
836776515,4.769514291
690450112,4.769514291
